segment,timestamp_ms,latitude,longitude,altitude,speed,heading,fix_quality,satellites,hdop
0,1774568555839,-33.27527923,138.59093963,419.63,0.023,26.70,GPS,30,0.5199999809265137
0,1774568556857,-33.27527653,138.59093973,419.63,0.174,14.50,GPS,30,0.5
0,1774568557834,-33.27527210,138.59093998,419.62,0.359,14.50,GPS,30,0.5899999737739563
0,1774568558983,-33.27526555,138.59094008,419.63,0.540,14.50,GPS,31,0.5099999904632568
0,1774568559837,-33.27525498,138.59093998,419.64,0.832,14.50,GPS,31,0.5400000214576721
0,1774568560862,-33.27523750,138.59093987,419.64,1.511,359.99,GPS,31,0.5299999713897705
0,1774568561850,-33.27521155,138.59093933,419.66,2.404,1.52,GPS,31,0.5199999809265137
0,1774568562862,-33.27517932,138.59093822,419.60,3.435,359.23,GPS,31,0.5400000214576721
0,1774568563837,-33.27514518,138.59093723,419.41,3.816,359.60,GPS,31,0.5400000214576721
0,1774568564868,-33.27511157,138.59093618,419.27,3.790,359.42,GPS,31,0.5400000214576721
0,1774568565870,-33.27507903,138.59093518,419.14,3.715,359.51,GPS,33,0.5
0,1774568566869,-33.27504705,138.59093343,419.01,3.641,358.71,GPS,33,0.49000000953674316
0,1774568567858,-33.27501502,138.59093202,418.85,3.589,358.58,GPS,33,0.49000000953674316
0,1774568568876,-33.27498440,138.59093133,418.79,3.522,359.21,GPS,37,0.49000000953674316
0,1774568569845,-33.27495350,138.59093075,418.67,3.442,359.76,GPS,37,0.44999998807907104
0,1774568570877,-33.27492320,138.59093017,418.58,3.366,359.29,GPS,37,0.4699999988079071
0,1774568571850,-33.27489402,138.59092965,418.63,3.281,359.26,GPS,37,0.41999998688697815
0,1774568572876,-33.27486595,138.59092893,418.53,3.144,358.88,GPS,37,0.44999998807907104
0,1774568573884,-33.27483920,138.59092832,418.43,3.027,358.94,GPS,39,0.46000000834465027
0,1774568574884,-33.27481412,138.59092792,418.40,2.858,359.71,GPS,39,0.4300000071525574
0,1774568575884,-33.27479040,138.59092740,418.32,2.698,358.75,GPS,40,0.44999998807907104
0,1774568576883,-33.27476810,138.59092778,418.17,2.535,359.54,GPS,40,0.4699999988079071
0,1774568577888,-33.27474542,138.59092740,418.21,2.380,3.57,GPS,41,0.4000000059604645
0,1774568578882,-33.27472003,138.59092690,418.16,2.594,357.08,GPS,41,0.44999998807907104
0,1774568579856,-33.27469077,138.59092722,418.26,2.980,0.85,GPS,41,0.4399999976158142
0,1774568580887,-33.27465785,138.59092732,418.12,3.447,0.14,GPS,41,0.44999998807907104
0,1774568581890,-33.27462287,138.59092690,418.05,3.809,0.62,GPS,43,0.41999998688697815
0,1774568582894,-33.27458803,138.59092705,418.04,3.891,358.94,GPS,43,0.41999998688697815
0,1774568583859,-33.27455253,138.59092730,418.04,3.867,2.21,GPS,43,0.4399999976158142
0,1774568584888,-33.27451625,138.59092693,417.98,3.969,359.27,GPS,43,0.4300000071525574
0,1774568585862,-33.27447967,138.59092583,417.98,4.054,1.18,GPS,43,0.4300000071525574
0,1774568586891,-33.27444283,138.59092462,418.01,4.053,357.25,GPS,43,0.41999998688697815
0,1774568587858,-33.27440593,138.59092323,418.00,4.065,0.24,GPS,43,0.41999998688697815
0,1774568588897,-33.27436898,138.59092215,417.97,4.054,357.52,GPS,43,0.4099999964237213
0,1774568589860,-33.27433198,138.59092138,417.88,4.072,0.36,GPS,43,0.4399999976158142
0,1774568590890,-33.27429475,138.59092040,417.79,4.096,358.52,GPS,43,0.4099999964237213
0,1774568591866,-33.27425757,138.59091960,417.83,4.126,359.06,GPS,43,0.3700000047683716
0,1774568592903,-33.27422023,138.59091848,418.00,4.136,359.14,GPS,43,0.3799999952316284
0,1774568593897,-33.27418293,138.59091760,417.88,4.118,358.47,GPS,44,0.41999998688697815
0,1774568594905,-33.27414522,138.59091762,418.08,4.125,359.51,GPS,44,0.3499999940395355
0,1774568595868,-33.27410777,138.59091780,417.98,4.122,0.37,GPS,44,0.4000000059604645
0,1774568596903,-33.27407025,138.59091753,418.13,4.121,359.84,GPS,44,0.3499999940395355
0,1774568597877,-33.27403288,138.59091710,418.21,4.111,359.79,GPS,44,0.3499999940395355
0,1774568598901,-33.27399567,138.59091685,418.13,4.111,359.15,GPS,44,0.38999998569488525
0,1774568599865,-33.27395857,138.59091650,418.08,4.106,359.72,GPS,44,0.4099999964237213
0,1774568600902,-33.27392137,138.59091618,418.03,4.104,358.89,GPS,44,0.4300000071525574
0,1774568601867,-33.27388437,138.59091622,417.99,4.112,359.86,GPS,44,0.38999998569488525
0,1774568602899,-33.27384742,138.59091642,417.98,4.091,359.94,GPS,44,0.38999998569488525
0,1774568603870,-33.27381075,138.59091702,418.00,4.064,0.41,GPS,44,0.4000000059604645
0,1774568604901,-33.27377410,138.59091770,418.01,4.049,0.67,GPS,44,0.38999998569488525
0,1774568605869,-33.27373758,138.59091893,418.03,4.051,0.85,GPS,44,0.4099999964237213
0,1774568606904,-33.27370153,138.59092025,417.98,4.026,1.71,GPS,44,0.38999998569488525
0,1774568607872,-33.27366543,138.59092063,417.98,3.979,1.56,GPS,44,0.38999998569488525
0,1774568608901,-33.27363065,138.59092052,417.93,4.001,359.29,GPS,44,0.3700000047683716
0,1774568609870,-33.27359808,138.59092072,417.82,3.776,0.38,GPS,44,0.4000000059604645
0,1774568610901,-33.27356803,138.59092143,417.88,3.465,359.93,GPS,44,0.4000000059604645
0,1774568611872,-33.27353842,138.59092165,418.01,3.193,2.33,GPS,44,0.38999998569488525
0,1774568612910,-33.27350903,138.59092018,418.05,3.354,357.33,GPS,44,0.4000000059604645
0,1774568613909,-33.27348223,138.59091935,418.04,3.164,357.31,GPS,45,0.38999998569488525
0,1774568614903,-33.27345707,138.59091882,417.97,2.765,359.02,GPS,45,0.4000000059604645
0,1774568615877,-33.27342948,138.59091817,417.84,2.817,358.81,GPS,45,0.3700000047683716
0,1774568616908,-33.27339772,138.59091700,417.74,3.291,358.76,GPS,45,0.38999998569488525
0,1774568617878,-33.27336542,138.59091482,417.68,3.729,357.39,GPS,45,0.38999998569488525
0,1774568618916,-33.27333457,138.59091163,417.59,3.462,356.12,GPS,45,0.36000001430511475
0,1774568619914,-33.27330375,138.59090932,417.57,3.454,353.54,GPS,46,0.3700000047683716
0,1774568620907,-33.27327415,138.59090927,417.63,3.405,358.64,GPS,46,0.38999998569488525
0,1774568621881,-33.27324737,138.59090953,417.67,3.141,0.48,GPS,46,0.3799999952316284
0,1774568622910,-33.27322392,138.59090948,417.70,2.771,359.40,GPS,46,0.4000000059604645
0,1774568623877,-33.27320332,138.59090927,417.66,2.427,359.31,GPS,46,0.4099999964237213
0,1774568624915,-33.27318520,138.59091073,417.62,2.171,358.33,GPS,46,0.38999998569488525
0,1774568625913,-33.27316713,138.59091338,417.55,1.941,6.68,GPS,47,0.3799999952316284
0,1774568626910,-33.27314753,138.59091487,417.45,2.155,5.09,GPS,47,0.36000001430511475
0,1774568627886,-33.27312697,138.59091452,417.38,2.264,0.27,GPS,47,0.38999998569488525
0,1774568628919,-33.27310735,138.59091208,417.33,2.324,356.67,GPS,48,0.3799999952316284
0,1774568629919,-33.27308947,138.59090825,417.35,2.147,351.83,GPS,50,0.3700000047683716
0,1774568630923,-33.27307455,138.59090525,417.35,1.981,346.18,GPS,49,0.3799999952316284
0,1774568631886,-33.27306265,138.59090380,417.40,1.526,356.79,GPS,49,0.3799999952316284
0,1774568632922,-33.27305097,138.59090152,417.50,1.276,351.83,GPS,49,0.4000000059604645
0,1774568633883,-33.27303740,138.59089843,417.59,1.427,350.64,GPS,49,0.4000000059604645
0,1774568634919,-33.27302345,138.59089180,417.65,1.655,347.08,GPS,49,0.38999998569488525
0,1774568635883,-33.27300980,138.59087992,417.60,1.751,330.06,GPS,49,0.3700000047683716
0,1774568636919,-33.27299880,138.59086418,417.51,1.957,318.94,GPS,49,0.4000000059604645
0,1774568637884,-33.27299310,138.59084578,417.43,1.843,301.11,GPS,49,0.3799999952316284
0,1774568638920,-33.27299225,138.59082688,417.33,1.825,282.34,GPS,49,0.3799999952316284
0,1774568639885,-33.27299633,138.59080872,417.20,1.778,264.69,GPS,49,0.3799999952316284
0,1774568640927,-33.27300470,138.59079293,417.11,1.789,247.48,GPS,49,0.36000001430511475
0,1774568641890,-33.27301465,138.59078147,417.03,1.644,232.72,GPS,49,0.3400000035762787
0,1774568642925,-33.27302668,138.59077408,416.99,1.434,232.72,GPS,49,0.4099999964237213
0,1774568643884,-33.27304078,138.59077110,416.96,1.494,202.16,GPS,49,0.3700000047683716
0,1774568644920,-33.27305363,138.59077200,416.89,1.564,183.13,GPS,49,0.38999998569488525
0,1774568645882,-33.27306018,138.59077320,416.82,1.085,183.13,GPS,49,0.4000000059604645
0,1774568646919,-33.27306018,138.59077320,416.82,0.250,183.13,GPS,49,0.4000000059604645
0,1774568647881,-33.27305890,138.59077357,416.82,0.012,173.24,GPS,49,0.4000000059604645
0,1774568648925,-33.27305413,138.59077590,416.81,0.311,183.13,GPS,49,0.4099999964237213
0,1774568649885,-33.27304778,138.59077925,416.81,0.827,183.13,GPS,49,0.4099999964237213
0,1774568650917,-33.27304230,138.59078188,416.81,0.747,183.13,GPS,49,0.41999998688697815
0,1774568651887,-33.27303808,138.59078352,416.80,0.604,183.13,GPS,49,0.3799999952316284
0,1774568652923,-33.27303808,138.59078352,416.80,0.441,183.13,GPS,49,0.38999998569488525
0,1774568653887,-33.27303817,138.59078352,416.80,0.064,173.24,GPS,49,0.38999998569488525
0,1774568654932,-33.27304138,138.59078500,416.79,0.032,173.24,GPS,49,0.3400000035762787
0,1774568655888,-33.27305077,138.59078963,416.80,0.717,183.13,GPS,49,0.38999998569488525
0,1774568656923,-33.27306528,138.59079900,416.78,1.483,156.80,GPS,49,0.36000001430511475
0,1774568657888,-33.27308063,138.59081137,416.78,2.136,147.96,GPS,48,0.3700000047683716
0,1774568658923,-33.27309505,138.59082422,416.79,1.950,141.77,GPS,49,0.36000001430511475
0,1774568659891,-33.27311032,138.59083637,416.80,1.980,146.05,GPS,49,0.3400000035762787
0,1774568660933,-33.27312622,138.59084705,416.83,2.031,147.71,GPS,49,0.33000001311302185
0,1774568661885,-33.27314312,138.59085688,416.79,1.932,154.06,GPS,49,0.36000001430511475
0,1774568662922,-33.27315997,138.59086702,416.81,2.146,155.14,GPS,49,0.3700000047683716
0,1774568663882,-33.27317622,138.59087717,416.85,2.023,152.59,GPS,49,0.38999998569488525
0,1774568664928,-33.27319390,138.59088520,416.80,2.001,153.20,GPS,49,0.3700000047683716
0,1774568665886,-33.27321295,138.59089077,416.70,2.171,166.29,GPS,49,0.38999998569488525
0,1774568666927,-33.27323083,138.59089690,416.77,2.147,167.54,GPS,49,0.36000001430511475
0,1774568667896,-33.27324848,138.59090210,416.85,1.994,161.42,GPS,49,0.33000001311302185
0,1774568668924,-33.27326745,138.59090477,416.84,2.038,171.04,GPS,49,0.36000001430511475
0,1774568669888,-33.27328692,138.59090567,416.82,2.144,177.23,GPS,49,0.3799999952316284
0,1774568670923,-33.27330628,138.59090605,416.76,2.122,180.58,GPS,49,0.36000001430511475
0,1774568671887,-33.27332530,138.59090680,416.77,2.110,178.69,GPS,48,0.38999998569488525
0,1774568672925,-33.27334397,138.59090838,416.82,2.064,178.69,GPS,48,0.3799999952316284
0,1774568673887,-33.27336302,138.59090920,416.80,2.028,175.62,GPS,48,0.38999998569488525
0,1774568674927,-33.27338190,138.59090893,416.70,2.143,180.99,GPS,48,0.3700000047683716
0,1774568675889,-33.27339648,138.59090932,416.64,2.005,181.55,GPS,48,0.4000000059604645
0,1774568676930,-33.27339648,138.59090932,416.64,1.203,176.74,GPS,48,0.4000000059604645
0,1774568677892,-33.27339650,138.59090932,416.63,0.040,178.69,GPS,49,0.4000000059604645
